Emplyee name,Due for promotion
Adelaide L Harrop,1
Aiko Blossom,1
Alexis Q Grose,1
Aliza X Sammons,1
America V Lobel,1
Amiee Z Chaffins,1
Andrew Detweiler,1
Brendon E Mone,1
Buck H Rancourt,1
Candelaria Zajicek,1
Carlotta T Ryles,1
Carmelia E Bergeron,1
Carolin T Loya,1
Carolynn V Moynihan,1
Cecily D Houser,1
Celine Baskin,1
Christie Rodger,1
Clemente S Wiechmann,1
Deanna P Scoggin,1
Detra D Rymer,1
Devin Hales,1
Dulce E Grizzard,1
Edmund Mcclung,1
Elsy B Latta,1
Fernando S Korhonen,1
Garnett Dryer,1
Garrett S Nolette,1
Inocencia Z Buteau,1
Jamaal Z Resto,1
Jamel Meaney,1
Janie P Caswell,1
Jayson S Carrol,1
Jeff E Lucero,1
Jeneva Y Bybee,1
Jerlene P Dunnigan,1
Jolanda Dewees,1
Jon Arvizu,1
Jon Behler,1
Jordan Phu,1
Julius Q Stock,1
Kaye Tubbs,1
Keira Y Till,1
Ken X Weisberg,1
Kendrick C Burchette,1
Kenton Q Villalta,1
Kylie K Freda,1
Larry K Mash,1
Laurena P Caston,1
Loren H Mckenzie,1
Mack L Lykes,1
Mauricio I Streets,1
Maximina K Frates,1
Narcisa C Rayburn,1
Nettie T Mccandless,1
Patria D Riedel,1
Reinaldo G Castellanos,1
Renaldo K Cheatham,1
Scott D Torrey,1
Sheryll X Broadbent,1
Stephan Q Ranger,1
Stewart Mazurek,1
Susana H Hooks,1
Taneka Q Church,1
Taylor Thill,1
Therese Q Belden,1
Tiny Q Llanos,1
Toney W Bollman,1
Toya B Rawlins,1
Valene Z Woodmansee,1
Vaughn Garica,1
Vernell X Amado,1
Walton S Keim,1
